time,turn,box,behind,grade,comments,distance,raceDate,dogName,start,schedule,weight,raceNumber,track,stretch,finish
30.9,1,6,2.0,M,Always In Front-inside,550,2018-02-02,Braska Daylon,1,A,79.0,1,DerbyLane,1,1
31.03,2,2,2.0,M,Early Gain Rail-placed,550,2018-02-02,Gr's Jade,6,A,66.0,1,DerbyLane,2,2
31.41,3,8,7.0,M,Gain To Stretch-showed,550,2018-02-02,Vj Super Hero,5,A,69.0,1,DerbyLane,4,3
31.53,4,7,9.0,M,Early Gain Rail-crowde,550,2018-02-02,So Dominating,8,A,69.0,1,DerbyLane,3,4
31.55,6,4,9.0,M,Crowded Erly-bumped 1s,550,2018-02-02,Kentucky Marilyn,3,A,58.5,1,DerbyLane,6,5
31.65,5,3,10.0,M,Blocked 1st Turn-bumpe,550,2018-02-02,Kb's Zabeel,2,A,60.5,1,DerbyLane,5,6
31.66,7,1,10.0,M,Shut Off Early-blocked,550,2018-02-02,Rs Tear Drop,7,A,55.0,1,DerbyLane,8,7
31.91,8,5,14.0,M,Shuffled Back 1st Turn,550,2018-02-02,Pj Blastofdapast,4,A,55.5,1,DerbyLane,7,8
37.41,1,3,8.0,D,Extending Lead-inside,660,2018-02-02,Jj's Quigly,2,A,70.5,2,DerbyLane,1,1
37.98,2,5,8.0,D,Closest Threat-inside,660,2018-02-02,Yolo El Rocio,3,A,71.5,2,DerbyLane,2,2
38.09,3,6,10.0,D,Ignored Erly Bump-shwd,660,2018-02-02,Air Waves,7,A,65.0,2,DerbyLane,3,3
38.39,5,2,14.0,D,Sought Rail Early-crwd,660,2018-02-02,Ctw Ann Margaret,5,A,68.5,2,DerbyLane,5,4
38.49,4,7,15.0,D,Bumped Wide Early-outs,660,2018-02-02,Flying Churchill,6,A,77.5,2,DerbyLane,4,5
38.7,6,8,18.0,D,Slow Start-crowded-ins,660,2018-02-02,Ww Table Turns,8,A,65.0,2,DerbyLane,7,6
38.94,7,1,21.0,D,Close Qtrs Early-insid,660,2018-02-02,Vj Strikethepose,4,A,75.0,2,DerbyLane,6,7
91.0,8,4,0.0,D,Quick Start-bumped-fad,660,2018-02-02,Paulding County,1,A,57.5,2,DerbyLane,8,8
31.17,2,6,0.5,M,Determined Win-midtrac,550,2018-02-02,Barts Ocean,4,A,60.5,3,DerbyLane,2,1
31.21,1,4,0.5,M,No Muzzle-held Place-r,550,2018-02-02,Ww Stubby Jimmy,1,A,75.5,3,DerbyLane,1,2
31.62,5,3,6.5,M,Stretch Gain-showed-in,550,2018-02-02,Jiminy Dribble,5,A,64.0,3,DerbyLane,5,3
31.65,3,1,7.0,M,Early Gain Inside-crwd,550,2018-02-02,Lagro Jake,8,A,78.0,3,DerbyLane,3,4
31.81,4,2,9.0,M,Blocked-bumped 1st Tn,550,2018-02-02,Pj Go Diego Go,7,A,72.5,3,DerbyLane,4,5
31.88,6,7,10.0,M,Swung Wide Both Turns,550,2018-02-02,Figfin Deena,3,A,60.5,3,DerbyLane,6,6
31.98,7,5,11.0,M,Clipped 1st Turn-midtr,550,2018-02-02,Ww Congo,2,A,64.0,3,DerbyLane,7,7
32.42,8,8,17.0,M,Shut Off 1st Turn-fade,550,2018-02-02,Tmc's Onlymoney,6,A,64.0,3,DerbyLane,8,8
30.73,2,8,2.5,B,Pulling Away-inside,550,2018-02-02,Mega Gandalfette,2,A,65.0,4,DerbyLane,2,1
30.9,1,1,2.5,B,Led To Stretch-placed-,550,2018-02-02,Jack's Easypeasy,1,A,65.0,4,DerbyLane,1,2
30.98,3,7,3.5,B,Evenly To Show-midtrk,550,2018-02-02,Pj Comehometome,3,A,60.0,4,DerbyLane,3,3
31.03,4,4,4.0,B,Cut In Early-gained,550,2018-02-02,Se's Magic Alert,8,A,67.0,4,DerbyLane,4,4
30.84,1,4,4.5,M,Led All The Way-outsid,550,2018-02-02,Pj Riding Dirty,1,E,69.5,1,DerbyLane,1,1
31.15,2,8,4.5,M,Maintained Position-in,550,2018-02-02,Pj Gettin Jiggy,2,E,59.5,1,DerbyLane,2,2
31.47,3,2,9.0,M,Gain To Stretch-inside,550,2018-02-02,Pj Floatyourboat,8,E,58.5,1,DerbyLane,6,3
31.5,5,1,9.5,M,Belated Drive-outside,550,2018-02-02,Tnt Regulator,7,E,72.0,1,DerbyLane,7,4
31.53,4,6,10.0,M,Rail Early-crowded 2nd,550,2018-02-02,Kb's Farley,4,E,54.5,1,DerbyLane,4,5
31.15,5,2,6.0,B,Gain To Stretch-outsid,550,2018-02-02,Yolo Honaunau,7,A,76.0,4,DerbyLane,6,5
31.24,6,6,7.0,B,Shuffled Back 1st Turn,550,2018-02-02,Barts Lite Em Up,4,A,70.5,4,DerbyLane,7,6
31.41,7,5,10.0,B,Weakened Backstretch,550,2018-02-02,Get A Cab,5,A,71.0,4,DerbyLane,5,7
31.52,8,3,11.0,B,Shut Off 1st Turn-fade,550,2018-02-02,Ww Santos,6,A,72.0,4,DerbyLane,8,8
30.75,1,1,5.0,D,Kept Lead Thruout-midt,550,2018-02-02,Barts Twofaced,1,A,60.0,5,DerbyLane,1,1
31.09,2,8,5.0,D,Evenly To Place-inside,550,2018-02-02,Bengal Tiger,2,A,63.5,5,DerbyLane,2,2
31.12,3,4,5.0,D,Varied Little-showed-m,550,2018-02-02,Ww's Olenebrooks,3,A,59.0,5,DerbyLane,4,3
31.31,5,3,8.0,D,Belated Drive-outside,550,2018-02-02,Ez Glider,6,A,73.5,5,DerbyLane,6,4
31.8,7,3,13.0,M,Shut Off 1st Turn-insi,550,2018-02-02,Crown Of Thorns,6,E,59.5,1,DerbyLane,8,6
31.89,6,7,14.0,M,Flew Wide 1st Turn-mid,550,2018-02-02,Fiesta Freedom,5,E,73.5,1,DerbyLane,5,7
32.01,8,5,16.0,M,Weakened Backstretch,550,2018-02-02,Arroyo Lotus,3,E,60.5,1,DerbyLane,3,8
30.96,2,4,1.0,D,Determined Win-midtrk,550,2018-02-02,Red Storm Rush,3,E,60.0,2,DerbyLane,3,1
31.03,1,1,1.0,D,Caught In Stretch-rail,550,2018-02-02,Slatex Prince,1,E,68.5,2,DerbyLane,1,2
31.05,3,3,1.0,D,Held On To Show-inside,550,2018-02-02,Rockaway Dune,2,E,70.0,2,DerbyLane,2,3
31.09,4,5,2.0,D,Early Gain-crowded-ins,550,2018-02-02,Fiesta Energy,6,E,65.5,2,DerbyLane,4,4
31.12,5,6,2.0,D,Close Qtrs Erly-went W,550,2018-02-02,Penrose Justin,4,E,72.0,2,DerbyLane,5,5
31.36,6,2,6.0,D,Slow Start-crowded-mid,550,2018-02-02,Lee Busy,8,E,60.5,2,DerbyLane,7,6
31.36,4,2,9.0,D,Close Qtrs Early-rail,550,2018-02-02,Fame Free,4,A,57.0,5,DerbyLane,3,5
31.51,7,5,10.0,D,Rail Early-blocked 1st,550,2018-02-02,Pj Barcelona,8,A,75.5,5,DerbyLane,7,6
31.54,6,7,11.0,D,Nudged Wide 1st Turn,550,2018-02-02,Fiesta Echo,5,A,65.0,5,DerbyLane,5,7
31.68,8,6,13.0,D,Blocked 1st Tn-bumped,550,2018-02-02,Penrose Nolan,7,A,72.5,5,DerbyLane,8,8
30.57,1,6,1.5,A,Assumed Lead 2nd Turn,550,2018-02-02,Brian Ernst,3,A,79.5,6,DerbyLane,2,1
30.68,2,5,1.5,A,Early Leader-placed-ra,550,2018-02-02,Lk's Next Step,1,A,62.0,6,DerbyLane,1,2
30.84,3,7,4.0,A,Gain To Stretch-midtra,550,2018-02-02,Ctw Tasty Cakes,5,A,66.5,6,DerbyLane,4,3
31.13,4,2,8.0,A,Rail Early-crowded 2nd,550,2018-02-02,Phil Gilbert,8,A,83.0,6,DerbyLane,5,4
31.46,7,8,7.0,D,Denied Rail 1st Turn,550,2018-02-02,Improbable,7,E,70.0,2,DerbyLane,6,7
31.51,8,7,8.0,D,Cut In 1st Turn-blocke,550,2018-02-02,Pj Trippy Hippy,5,E,71.0,2,DerbyLane,8,8
31.11,1,6,3.0,M,Drawing Away-midtrack,550,2018-02-02,Rs Gold Finger,2,E,57.5,3,DerbyLane,3,1
31.33,3,5,3.0,M,Reclaimed Place-inside,550,2018-02-02,Charlie Magic,3,E,54.0,3,DerbyLane,2,2
31.56,2,2,6.5,M,Lasted To Show-outside,550,2018-02-02,She's A Wowzers,1,E,60.0,3,DerbyLane,1,3
31.64,4,3,7.5,M,Some Gain Backstretch,550,2018-02-02,Foley's Hollow,7,E,71.0,3,DerbyLane,7,4
31.77,6,1,9.5,M,Off Last-blocked 1st T,550,2018-02-02,Yolo Macedonia,8,E,70.0,3,DerbyLane,8,5
31.14,5,3,8.0,A,Close Qtrs Both Turns,550,2018-02-02,My Mate Tom-iu,7,A,77.0,6,DerbyLane,7,5
31.36,7,4,11.0,A,Blocked 1st Turn-midtr,550,2018-02-02,Js Knightofnight,6,A,73.0,6,DerbyLane,8,6
31.37,6,8,11.0,A,Weakened Backstretch,550,2018-02-02,Volando Liber,2,A,74.5,6,DerbyLane,3,7
91.0,8,1,0.0,A,Shut Off 1st Turn-fade,550,2018-02-02,Vj Bet On Me,4,A,64.5,6,DerbyLane,6,8
30.91,2,2,0.5,D,Final Thrust-midtrack,550,2018-02-02,Js Boomtastic,2,A,69.5,7,DerbyLane,2,1
30.95,1,6,0.5,D,Held On To Place-rail,550,2018-02-02,Carnegie Hall,1,A,58.5,7,DerbyLane,1,2
30.96,3,1,0.5,D,Crowded At Wire-showed,550,2018-02-02,So Diabolic,4,A,69.5,7,DerbyLane,3,3
31.8,5,7,10.0,M,Lacked Late Speed-ins,550,2018-02-02,Ww Core Power,5,E,70.5,3,DerbyLane,4,6
32.01,8,4,12.0,M,Weakened Backstretch,550,2018-02-02,Pj Americancrazy,6,E,76.5,3,DerbyLane,6,7
32.03,7,8,13.0,M,Carried Wide 1st-wknd,550,2018-02-02,Arroyo Lancia,4,E,58.5,3,DerbyLane,5,8
30.42,1,6,1.0,B,Always In Front-rail,550,2018-02-02,Fiesta Gabriela,1,E,60.5,4,DerbyLane,1,1
30.49,2,4,1.0,B,Nearest Contender-mid,550,2018-02-02,Pj Lots Of Dots,4,E,64.5,4,DerbyLane,3,2
30.71,3,5,4.0,B,Early Gain Inside-shwd,550,2018-02-02,Tmc's Inthamoney,5,E,83.5,4,DerbyLane,2,3
31.0,4,7,8.0,B,Close Qtrs 1st Turn-mi,550,2018-02-02,Lk's Salty Dog,2,E,74.5,4,DerbyLane,4,4
30.97,4,4,0.75,D,No Muzzle-crowded-ins,550,2018-02-02,Aintree Supreme,8,A,60.0,7,DerbyLane,4,4
31.22,5,3,4.5,D,Some Early Gain-wide,550,2018-02-02,Kentucky Peggy,7,A,56.0,7,DerbyLane,5,5
31.31,6,8,6.0,D,No Improvement-inside,550,2018-02-02,Ab Angel Eyes,6,A,65.0,7,DerbyLane,6,6
31.76,7,7,12.0,D,Shuffled Back 1st Turn,550,2018-02-02,Penknee,5,A,61.0,7,DerbyLane,7,7
31.8,8,5,12.0,D,Shut Off 1st Turn-crwd,550,2018-02-02,Ctw Alicia,3,A,61.0,7,DerbyLane,8,8
30.63,1,7,2.0,B,Led All The Way-midtra,550,2018-02-02,Kentucky Boy,1,A,66.0,8,DerbyLane,1,1
30.76,2,2,2.0,B,Evenly To Place-inside,550,2018-02-02,Flying Adriane,2,A,65.5,8,DerbyLane,2,2
31.26,5,3,11.0,B,Carried Wide 1st Turn,550,2018-02-02,Drinksafterwork,6,E,72.5,4,DerbyLane,5,5
31.45,6,1,14.0,B,Off Last-crowded-bmpd,550,2018-02-02,Charles Hines,8,E,81.5,4,DerbyLane,7,6
31.57,7,2,16.0,B,Cut In 1st Turn-bumped,550,2018-02-02,Del Sol Badajoz,7,E,78.5,4,DerbyLane,8,7
32.12,8,8,24.0,B,Clipped 1st Turn-faded,550,2018-02-02,Deco Amastar,3,E,64.5,4,DerbyLane,6,8
30.85,2,1,1.5,D,Accelerated-inside,550,2018-02-02,Caveman,3,E,71.0,5,DerbyLane,2,1
30.96,3,4,1.5,D,Driving To Place-insid,550,2018-02-02,Lk's Tramontina,5,E,64.0,5,DerbyLane,4,2
31.06,3,1,6.0,B,Early Gain-showed-rail,550,2018-02-02,Gogiagi,7,A,65.5,8,DerbyLane,3,3
31.08,4,3,6.5,B,Off Slow-gained Wide,550,2018-02-02,Pj Immortality,8,A,72.0,8,DerbyLane,6,4
31.22,5,8,8.5,B,Crowded 2nd Turn-rail,550,2018-02-02,Pj Purehardrock,6,A,76.0,8,DerbyLane,4,5
31.32,7,5,10.0,B,Shut Off 1st Turn-midt,550,2018-02-02,Enhanced Physic,4,A,62.0,8,DerbyLane,8,6
31.36,6,4,10.0,B,Crowded 1st Turn-wknd,550,2018-02-02,Jack's Tap Shoes,5,A,61.0,8,DerbyLane,5,7
31.61,8,6,14.0,B,Hampered 1st Turn-ins,550,2018-02-02,Fiesta Elly,3,A,64.5,8,DerbyLane,7,8
30.9,2,8,2.0,C,Crowded Early-came On,550,2018-02-02,Rj's Jammin,2,A,61.5,9,DerbyLane,4,1
31.05,4,2,2.0,C,Stretch Surge-placed-m,550,2018-02-02,Jennifer Jo,5,A,61.5,9,DerbyLane,3,2
31.17,6,6,4.0,C,Showed Dspt Bump 1st,550,2018-02-02,B's Angel Eyes,8,A,62.5,9,DerbyLane,7,3
31.14,4,8,4.0,D,Up For Show-midtrack,550,2018-02-02,Highway Man,4,E,65.0,5,DerbyLane,5,3
31.17,1,6,4.5,D,Led To Stretch-crwdd-i,550,2018-02-02,Hi Noon Eclipse,1,E,64.0,5,DerbyLane,1,4
31.19,5,2,5.0,D,Swung Wide 1st-midtrck,550,2018-02-02,Eskehmoe,2,E,70.0,5,DerbyLane,3,5
31.33,6,3,7.0,D,Raced Wide Thruout,550,2018-02-02,Kiowa Feather,7,E,65.0,5,DerbyLane,6,6
31.39,7,7,8.0,D,Sought Rail Early-blck,550,2018-02-02,Yolo Cindy,6,E,62.0,5,DerbyLane,7,7
32.11,8,5,17.0,D,Never A Threat-inside,550,2018-02-02,Br Bandit,8,E,67.0,5,DerbyLane,8,8
30.57,1,2,2.5,A,Set Game Pace-inside,550,2018-02-02,Hi Noon Viper,1,E,76.0,6,DerbyLane,1,1
30.74,2,1,2.5,A,Closest Threat-inside,550,2018-02-02,Tiznow Alex,5,E,83.0,6,DerbyLane,2,2
30.93,5,8,5.0,A,Stretch Gain-showed-md,550,2018-02-02,Pj Strollinnolan,2,E,69.5,6,DerbyLane,5,3
31.19,3,5,4.0,C,Lacked Late Speed-rail,550,2018-02-02,Sallysoulsmasher,3,A,58.5,9,DerbyLane,2,4
31.2,5,1,4.0,C,Slight Bump 1st-gained,550,2018-02-02,Kaias Sarah,7,A,63.5,9,DerbyLane,6,5
31.22,1,3,4.5,C,Faded In Stretch-midtk,550,2018-02-02,Had To Be Me,1,A,82.5,9,DerbyLane,1,6
31.5,7,7,8.5,C,Sought Rail Early-crwd,550,2018-02-02,Imark Jethrotull,4,A,69.0,9,DerbyLane,5,7
31.99,8,4,15.0,C,Blocked-bumped-faded,550,2018-02-02,Softballprincess,6,A,60.0,9,DerbyLane,8,8
30.47,1,3,2.5,A,Won With Ease-rail,550,2018-02-02,Po Dunk,2,A,76.5,10,DerbyLane,1,1
30.65,2,6,2.5,A,Closest Threat-midtrac,550,2018-02-02,Fly Donald Trump,4,A,79.0,10,DerbyLane,3,2
30.97,3,6,6.0,A,Early Gain Rail-crowde,550,2018-02-02,Raiders Rossi,6,E,73.5,6,DerbyLane,3,4
31.0,4,3,6.0,A,Close Qtrs 1st Tn-wknd,550,2018-02-02,Ww's Malort,3,E,71.5,6,DerbyLane,4,5
31.47,6,5,12.0,A,Blocked 1st Turn-insid,550,2018-02-02,Flyin Full House,4,E,76.0,6,DerbyLane,6,6
31.66,7,4,15.0,A,Sought Rail Early-blck,550,2018-02-02,Ctw Ashley Green,7,E,63.0,6,DerbyLane,7,7
94.0,0,7,0.0,A,,550,2018-02-02,Barts Nitro,0,E,0.0,6,DerbyLane,0,8
30.85,2,4,2.0,D,Sought Rail Early-drov,550,2018-02-02,Rck Baron,6,E,79.5,7,DerbyLane,4,1
30.97,1,3,2.0,D,Overtaken-placed-rail,550,2018-02-02,Lk's Happy Days,2,E,60.0,7,DerbyLane,1,2
31.17,6,2,4.5,D,From Last Place-midtrc,550,2018-02-02,Pj Stone Cold,8,E,77.5,7,DerbyLane,7,3
30.87,3,8,6.0,A,Varied Little-showed-m,550,2018-02-02,Revilayshun,3,A,74.5,10,DerbyLane,4,3
30.89,4,4,6.0,A,Quick Start-crowded-ra,550,2018-02-02,Somerset Ray,1,A,70.0,10,DerbyLane,2,4
31.02,6,7,8.0,A,Shut Off 1st Tn-gainin,550,2018-02-02,Tmc's Moonbeam,5,A,74.5,10,DerbyLane,8,5
31.03,5,1,8.0,A,Lacked Late Speed-wide,550,2018-02-02,Austin Reynolds,7,A,74.0,10,DerbyLane,5,6
31.54,8,2,15.0,A,Off Slow-crowded-rail,550,2018-02-02,Pj Big Ben,8,A,67.0,10,DerbyLane,7,7
31.83,7,5,19.0,A,Crowded 1st Turn-faded,550,2018-02-02,Blutoogetcrackin,6,A,78.5,10,DerbyLane,6,8
30.73,2,4,2.0,D,From Far Back-inside,550,2018-02-02,Kb's Koda,7,A,74.0,11,DerbyLane,3,1
30.88,1,1,2.0,D,Overtaken-placed-mid,550,2018-02-02,Braska Luke,4,A,71.5,11,DerbyLane,1,2
31.19,3,7,5.0,D,Outnodded For Show-wd,550,2018-02-02,Yolo Cadiz,3,E,76.5,7,DerbyLane,3,4
31.2,4,8,5.0,D,Close Qtrs Both Turns,550,2018-02-02,Slow It Down,4,E,69.5,7,DerbyLane,5,5
31.36,5,6,7.0,D,Weakened Backstretch,550,2018-02-02,Ww's Orrick Doc,1,E,67.5,7,DerbyLane,2,6
31.41,7,5,8.0,D,Crowded 1st Tn-bumped,550,2018-02-02,Killer Octavius,7,E,80.5,7,DerbyLane,6,7
31.65,8,1,11.0,D,Blocked-bumped 1st Tn,550,2018-02-02,Par Clover,5,E,65.5,7,DerbyLane,8,8
30.42,1,1,6.0,B,Extending Lead-inside,550,2018-02-02,Sh Azahara,1,E,75.0,8,DerbyLane,1,1
31.3,3,2,8.0,D,Off Last-showed-midtrk,550,2018-02-02,Dark Kestrel,8,A,63.5,11,DerbyLane,5,3
31.33,6,8,8.5,D,Sought Rail 1st-gainin,550,2018-02-02,Lagro Henry,5,A,80.0,11,DerbyLane,7,4
31.35,4,5,9.0,D,Swung Wide 2nd Turn,550,2018-02-02,B's Dj Mc Doggle,6,A,73.0,11,DerbyLane,6,5
31.44,8,6,10.0,D,Shuffled Back 1st Turn,550,2018-02-02,Windy Milley,2,A,59.0,11,DerbyLane,8,6
31.58,7,3,12.0,D,Crowded Both Turns-ins,550,2018-02-02,Dr Kubiac,3,A,61.0,11,DerbyLane,4,7
31.68,5,7,13.0,D,Weakened Backstretch,550,2018-02-02,Fiesta Zafra,1,A,74.0,11,DerbyLane,2,8
30.4,1,2,5.0,B,Increasing Lead-midtra,550,2018-02-02,Pondas Top Agent,1,A,73.5,12,DerbyLane,1,1
30.83,2,3,6.0,B,Evenly To Place-midtrk,550,2018-02-02,Amazing Carly,2,E,69.0,8,DerbyLane,2,2
30.87,3,2,6.5,B,Early Gain Midtrack-sh,550,2018-02-02,Pj Devastated,6,E,61.0,8,DerbyLane,3,3
30.99,5,4,8.0,B,Off Last-cut In-gainin,550,2018-02-02,G's Billy S,8,E,77.0,8,DerbyLane,7,4
31.01,4,6,8.5,B,Lacked Late Speed-ins,550,2018-02-02,Wrecker,5,E,74.5,8,DerbyLane,4,5
31.08,6,8,9.5,B,Carried Wide 1st Turn,550,2018-02-02,Debbie Woods,3,E,55.0,8,DerbyLane,6,6
31.15,7,7,10.0,B,Close Qtrs 1st Tn-fade,550,2018-02-02,Limitless,4,E,73.0,8,DerbyLane,5,7
31.26,8,5,11.0,B,Shut Off 1st Turn-insi,550,2018-02-02,Uhnyehlayturr,7,E,75.0,8,DerbyLane,8,8
31.24,2,2,0.5,C,Sought Rl Erly-came On,550,2018-02-02,Ozark Fred,6,E,73.0,9,DerbyLane,4,1
30.74,3,3,5.0,B,From Last Place-outsid,550,2018-02-02,Hail Cadence,8,A,80.5,12,DerbyLane,3,2
30.83,2,1,6.0,B,Early Gain Inside-shwd,550,2018-02-02,Ww Real Racin,7,A,69.5,12,DerbyLane,2,3
31.14,8,6,10.0,B,Shut Off 1st Turn-gain,550,2018-02-02,Yolo Caitlyn,3,A,64.5,12,DerbyLane,8,4
31.15,5,4,10.0,B,Crowded In Stretch-mid,550,2018-02-02,Fame Time,6,A,69.5,12,DerbyLane,5,5
31.25,6,8,12.0,B,Bumped Both Turns-mid,550,2018-02-02,Dangerous Woman,2,A,65.0,12,DerbyLane,6,6
31.28,4,7,12.0,B,Slight Bump 1st Tn-fad,550,2018-02-02,Malory Stranberg,4,A,65.5,12,DerbyLane,4,7
31.3,7,5,12.0,B,Blocked 1st-bumped 2nd,550,2018-02-02,Fiesta Mountain,5,A,72.5,12,DerbyLane,7,8
30.58,1,1,4.0,D,Took Charge 1st Tn-ins,550,2018-02-02,Lagro Isaac,2,A,74.0,13,DerbyLane,1,1
31.28,3,1,0.5,C,Reclaimed Place-midtrk,550,2018-02-02,Blutoogetamoveon,7,E,72.0,9,DerbyLane,2,2
31.3,1,5,0.75,C,Outfinished-showed-ins,550,2018-02-02,Barts Downtown,1,E,68.5,9,DerbyLane,1,3
31.42,5,6,2.5,C,Shuffled Back 1st Turn,550,2018-02-02,Rtr Foxey Lady,3,E,65.0,9,DerbyLane,5,4
31.45,7,8,3.0,C,Slow Start-cut In-gain,550,2018-02-02,Jiminy Delilah,8,E,63.5,9,DerbyLane,8,5
31.46,4,7,3.0,C,Swung Wd 1st-weakened,550,2018-02-02,Phantom Marlow,2,E,60.0,9,DerbyLane,3,6
31.56,6,3,4.5,C,Blocked 1st Tn-wide 2n,550,2018-02-02,Pj Quick Attack,5,E,58.5,9,DerbyLane,6,7
31.61,8,4,5.0,C,Impeded 1st Turn-faded,550,2018-02-02,C Soaring Star,4,E,59.0,9,DerbyLane,7,8
30.88,4,6,4.0,D,Quick Start-placed-out,550,2018-02-02,Jiminy Garnet,1,A,56.5,13,DerbyLane,4,2
30.9,2,4,4.5,D,Settled For Show-midtk,550,2018-02-02,Simone Iris,3,A,65.5,13,DerbyLane,2,3
31.08,3,7,7.0,D,Lacked Late Speed-midt,550,2018-02-02,Jsk Dutchman,4,A,72.0,13,DerbyLane,3,4
31.12,5,3,8.0,D,Close Qtrs 1st Tn-bmpd,550,2018-02-02,Ozark Tammy,6,A,60.0,13,DerbyLane,5,5
31.39,6,2,11.0,D,Off Slow-blocked-bmpd,550,2018-02-02,Yolo Castro,8,A,78.5,13,DerbyLane,6,6
31.45,7,5,12.0,D,Impeded 1st-swung Wd,550,2018-02-02,Ww Caspian Sea,7,A,69.0,13,DerbyLane,7,7
31.73,8,8,16.0,D,Shut Off 1st Tn-bumped,550,2018-02-02,Killer Fox,5,A,71.0,13,DerbyLane,8,8
30.47,1,6,3.5,C,Not To Be Denied-insid,550,2018-02-02,Pj Whatchagondo,1,A,58.5,14,DerbyLane,2,1
30.37,1,6,4.0,A,Box To Wire-midtrack,550,2018-02-02,Ch Nuttin Honey,1,E,60.0,10,DerbyLane,1,1
30.64,2,2,4.0,A,Nearest Contender-mid,550,2018-02-02,Kaias Blackjack,3,E,82.0,10,DerbyLane,2,2
30.72,3,8,5.0,A,Gain To Stretch-showed,550,2018-02-02,Sovereign Empire,5,E,75.5,10,DerbyLane,4,3
30.86,4,7,7.0,A,Varied Little-inside,550,2018-02-02,Flamenco Dancer,4,E,62.5,10,DerbyLane,3,4
31.24,5,4,12.0,A,Impeded 1st Turn-insid,550,2018-02-02,Katie Clawson,2,E,62.0,10,DerbyLane,5,5
31.3,6,3,13.0,A,Nudged Wide 1st Turn,550,2018-02-02,Pj Dontlookback,7,E,71.5,10,DerbyLane,8,6
31.44,7,1,15.0,A,Close Qtrs 1st Tn-bmpd,550,2018-02-02,Ctw Party Animal,6,E,69.5,10,DerbyLane,6,7
30.71,2,2,3.5,C,Led Briefly-placed-rai,550,2018-02-02,Imark Lonnie,2,A,69.5,14,DerbyLane,1,2
30.78,4,3,4.5,C,Up For Show-midtrack,550,2018-02-02,Penrose Eugene,5,A,70.0,14,DerbyLane,4,3
30.86,3,5,5.5,C,Lacked Late Speed-outs,550,2018-02-02,Flying Tall Tale,3,A,75.5,14,DerbyLane,3,4
30.97,5,1,7.0,C,Some Early Gain-outsid,550,2018-02-02,Captin Awveiss,8,A,81.0,14,DerbyLane,5,5
30.99,6,7,7.5,C,Sought Rail Early-crwd,550,2018-02-02,Barts Cutthecord,7,A,62.0,14,DerbyLane,6,6
31.15,7,4,10.0,C,Blocked 1st Turn-midtr,550,2018-02-02,Ww Orange County,6,A,75.0,14,DerbyLane,7,7
31.22,8,8,10.0,C,Shut Off 1st-went Wide,550,2018-02-02,Kl's Trixie,4,A,59.5,14,DerbyLane,8,8
37.8,2,7,0.75,C,Turned It On-midtrack,660,2018-02-02,Dogger Bank,4,A,70.5,15,DerbyLane,2,1
31.51,8,5,16.0,A,Off Last-bumped 1st Tn,550,2018-02-02,Bartscatfishjack,8,E,72.5,10,DerbyLane,7,8
30.92,1,4,4.0,D,Grabbed Lead 1st Turn,550,2018-02-02,Pj Nothing New,3,E,64.5,11,DerbyLane,1,1
31.19,2,1,4.0,D,Gain To Stretch-placed,550,2018-02-02,Sisko,5,E,73.0,11,DerbyLane,4,2
31.38,3,8,6.5,D,Quick Start-showed-md,550,2018-02-02,Blutoo Baby Nut,1,E,63.0,11,DerbyLane,3,3
31.51,5,3,8.5,D,Belated Drive-outside,550,2018-02-02,Charlie Myth,8,E,80.0,11,DerbyLane,8,4
31.55,4,2,9.0,D,Sought Rail 1st-bumped,550,2018-02-02,Jsk Laredo,4,E,68.0,11,DerbyLane,6,5
31.59,6,6,9.5,D,Crowded 1st Turn-midtk,550,2018-02-02,Ozark Thumper,7,E,70.0,11,DerbyLane,7,6
31.7,7,5,11.0,D,Blocked 1st Turn-insid,550,2018-02-02,Superior Sky,6,E,69.5,11,DerbyLane,5,7
37.86,1,3,0.75,C,Overtaken-placed-insid,660,2018-02-02,Faune Drake,2,A,59.5,15,DerbyLane,1,2
37.91,6,8,1.5,C,From Far Back-showed-r,660,2018-02-02,Barts Manning,7,A,67.0,15,DerbyLane,6,3
38.03,3,6,3.0,C,Quick Start-outfinishe,660,2018-02-02,Kelsos Redhacker,1,A,74.0,15,DerbyLane,3,4
38.19,4,5,5.5,C,Swung Wide Early-outs,660,2018-02-02,Jiminy Nancy,5,A,67.0,15,DerbyLane,4,5
38.31,5,2,7.0,C,Close Qtrs Early-bumpe,660,2018-02-02,Jr's Dasher,6,A,83.0,15,DerbyLane,5,6
38.53,7,4,10.0,C,Bumped Wide Early-fade,660,2018-02-02,Fiesta Fossil,3,A,72.5,15,DerbyLane,7,7
32.03,8,7,15.0,D,Weakened Backstretch,550,2018-02-02,Cobi's Potts,2,E,66.5,11,DerbyLane,2,8
30.41,1,4,4.0,A,Lengthening Lead-midtr,550,2018-02-02,Stacie Clark,1,E,68.0,12,DerbyLane,1,1
30.7,4,6,4.0,A,Stretch Gain-placed-mi,550,2018-02-02,Wall Nut,4,E,67.0,12,DerbyLane,4,2
30.75,2,7,5.0,A,Held On To Show-inside,550,2018-02-02,Lk's Good Golly,2,E,64.0,12,DerbyLane,2,3
30.77,5,2,5.0,A,Almost Up Fo Show-rail,550,2018-02-02,I Like Big Bucks,6,E,70.0,12,DerbyLane,5,4
30.82,3,1,6.0,A,Weakened In Stretch,550,2018-02-02,Kaias Pogo,3,E,81.5,12,DerbyLane,3,5
31.04,6,5,9.0,A,Swung Wide 2nd Turn,550,2018-02-02,Barts Slim Shady,5,E,70.0,12,DerbyLane,6,6
31.2,7,8,11.0,A,Off Last-bumped 1st Tn,550,2018-02-02,Pj Tropicthunder,8,E,75.0,12,DerbyLane,7,7
31.26,8,3,12.0,A,Bumped 1st Turn-faded,550,2018-02-02,Becca Bowman,7,E,70.5,12,DerbyLane,8,8
38.12,1,2,0.75,D,Dictated Pace-inside,660,2018-02-02,Yolo Slate,1,E,63.0,13,DerbyLane,1,1
38.18,6,3,0.75,D,Placed  Dspt Early Trb,660,2018-02-02,Bella Salem,3,E,68.0,13,DerbyLane,6,2
38.21,2,8,1.0,D,Outfinished-held Show,660,2018-02-02,Flyin Upsidedown,7,E,74.5,13,DerbyLane,4,3
38.22,5,7,1.5,D,Almost Up Fo Show-wide,660,2018-02-02,Bella Blossom,4,E,63.0,13,DerbyLane,5,4
38.26,3,5,2.0,D,Weakened In Stretch-ra,660,2018-02-02,Fiesta Dewey,2,E,72.5,13,DerbyLane,3,5
38.58,7,4,6.5,D,No Room Early-inside,660,2018-02-02,Rs Axel Rod,6,E,68.5,13,DerbyLane,7,6
38.63,4,6,7.0,D,Stumbled Far Turn-midt,660,2018-02-02,Tnt Herky Jerky,5,E,56.5,13,DerbyLane,2,7
30.72,1,3,1.5,C,On Top Early-inside,550,2018-02-02,Ultra Koopa,2,E,69.0,14,DerbyLane,1,1
30.82,2,2,1.5,C,Barely Held Place-rail,550,2018-02-02,Slatex Adidas,6,E,72.0,14,DerbyLane,2,2
30.83,3,4,1.5,C,Almost Up For Place-mi,550,2018-02-02,Prm Remington,3,E,68.5,14,DerbyLane,4,3
31.13,4,7,6.0,C,Quick Start-crowded-md,550,2018-02-02,Joe Bravo,1,E,81.5,14,DerbyLane,3,4
31.21,5,5,7.0,C,Sought Rail Early-blck,550,2018-02-02,Lk's All Aboard,4,E,61.5,14,DerbyLane,5,5
31.22,6,8,7.0,C,Took Outside Route,550,2018-02-02,Ctw China Taylor,5,E,60.5,14,DerbyLane,6,6
31.25,7,1,7.5,C,Slow Start-blocked 1st,550,2018-02-02,Bella Blue,8,E,77.0,14,DerbyLane,7,7
31.61,8,6,12.0,C,Shut Off 1st Turn-fade,550,2018-02-02,Braska Baffle,7,E,79.5,14,DerbyLane,8,8
30.7,2,1,2.0,C,Drove Thru On Rail,550,2018-02-02,Se's Road Block,2,E,71.5,15,DerbyLane,2,1
30.84,3,2,2.0,C,Belated Drive-placed-m,550,2018-02-02,Ctw Chogan,4,E,72.0,15,DerbyLane,4,2
30.88,1,6,2.5,C,Overtaken-showed-ins,550,2018-02-02,Pj Goodasitgets,1,E,76.5,15,DerbyLane,1,3
31.06,4,4,5.0,C,Sought Rail 1st-crowde,550,2018-02-02,Kiowa Ultra,5,E,64.0,15,DerbyLane,5,4
31.18,7,7,7.0,C,Slow Start-swung Wd 1s,550,2018-02-02,Lk's Glory Days,8,E,55.0,15,DerbyLane,7,5
31.23,5,3,7.5,C,Wide Backstretch-wknd,550,2018-02-02,Cbj Goose,3,E,80.0,15,DerbyLane,3,6
31.27,6,5,8.0,C,Cut In Early-crowded 1,550,2018-02-02,Kentucky Fly,7,E,72.5,15,DerbyLane,6,7
92.0,0,8,0.0,C,Stumbled 1st-pulled Up,550,2018-02-02,Windy Manny,6,E,65.5,15,DerbyLane,8,8
